<Components xmlns:xsd="http://www.w3.org/2001/XMLSchema" xmlns:xsi="http://www.w3.org/2001/XMLSchema-instance" xmlns="http://schemas.microsoft.com/crm/2009/"><Component><Id>4c868396-3a42-e811-80fe-ecb1d78b6b00</Id><Name>Last On Hold Time</Name><ComponentType>2</ComponentType><TypeName>Attribute</TypeName><ParentEntity>Workflow Elements Task</ParentEntity><Action>Remove</Action><Comments><Comment>The Attribute Last On Hold Time hasn't been added to the solution because it's a new Attribute, or it contains components that won't work in earlier versions of CRM. 
    </Comment></Comments></Component><Component><Id>55868396-3a42-e811-80fe-ecb1d78b6b00</Id><Name>On Hold Time (Minutes)</Name><ComponentType>2</ComponentType><TypeName>Attribute</TypeName><ParentEntity>Workflow Elements Task</ParentEntity><Action>Remove</Action><Comments><Comment>The Attribute On Hold Time (Minutes) hasn't been added to the solution because it's a new Attribute, or it contains components that won't work in earlier versions of CRM. 
    </Comment></Comments></Component><Component><Id>69868396-3a42-e811-80fe-ecb1d78b6b00</Id><Name>SLA</Name><ComponentType>2</ComponentType><TypeName>Attribute</TypeName><ParentEntity>Workflow Elements Task</ParentEntity><Action>Remove</Action><Comments><Comment>The Attribute SLA hasn't been added to the solution because it's a new Attribute, or it contains components that won't work in earlier versions of CRM. 
    </Comment></Comments></Component><Component><Id>6f868396-3a42-e811-80fe-ecb1d78b6b00</Id><Name>Last SLA applied</Name><ComponentType>2</ComponentType><TypeName>Attribute</TypeName><ParentEntity>Workflow Elements Task</ParentEntity><Action>Remove</Action><Comments><Comment>The Attribute Last SLA applied hasn't been added to the solution because it's a new Attribute, or it contains components that won't work in earlier versions of CRM. 
    </Comment></Comments></Component><Component><Id>5c868396-3a42-e811-80fe-ecb1d78b6b00</Id><Name>Exchange WebLink</Name><ComponentType>2</ComponentType><TypeName>Attribute</TypeName><ParentEntity>Workflow Elements Task</ParentEntity><Action>Remove</Action><Comments><Comment>The Attribute Exchange WebLink hasn't been added to the solution because it's a new Attribute, or it contains components that won't work in earlier versions of CRM. 
    </Comment></Comments></Component><Component><Id>5e868396-3a42-e811-80fe-ecb1d78b6b00</Id><Name>Exchange Item ID</Name><ComponentType>2</ComponentType><TypeName>Attribute</TypeName><ParentEntity>Workflow Elements Task</ParentEntity><Action>Remove</Action><Comments><Comment>The Attribute Exchange Item ID hasn't been added to the solution because it's a new Attribute, or it contains components that won't work in earlier versions of CRM. 
    </Comment></Comments></Component><Component><Id>52868396-3a42-e811-80fe-ecb1d78b6b00</Id><Name>Sort Date</Name><ComponentType>2</ComponentType><TypeName>Attribute</TypeName><ParentEntity>Workflow Elements Task</ParentEntity><Action>Remove</Action><Comments><Comment>The Attribute Sort Date hasn't been added to the solution because it's a new Attribute, or it contains components that won't work in earlier versions of CRM. 
    </Comment></Comments></Component><Component><Id>1e878396-3a42-e811-80fe-ecb1d78b6b00</Id><Name>afk_workflowtask_sla_slaid</Name><ComponentType>10</ComponentType><TypeName>EntityRelationship</TypeName><ParentEntity>SLA</ParentEntity><Action>Remove</Action><Comments><Comment>The EntityRelationship afk_workflowtask_sla_slaid hasn't been added to the solution because it contains at least one DependencyFeature that won't work in earlier versions of CRM. 
    </Comment></Comments></Component><Component><Id>2d878396-3a42-e811-80fe-ecb1d78b6b00</Id><Name>afk_workflowtask_sla_slainvokedid</Name><ComponentType>10</ComponentType><TypeName>EntityRelationship</TypeName><ParentEntity>SLA</ParentEntity><Action>Remove</Action><Comments><Comment>The EntityRelationship afk_workflowtask_sla_slainvokedid hasn't been added to the solution because it contains at least one DependencyFeature that won't work in earlier versions of CRM. 
    </Comment></Comments></Component></Components>