<ImportExportXml version="9.1.0.7625" SolutionPackageVersion="9.1" languagecode="1033" generatedBy="CrmLive" xmlns:xsi="http://www.w3.org/2001/XMLSchema-instance">
  <SolutionManifest>
    <UniqueName>KaskelasWorkflowElementsforCDSv31</UniqueName>
    <LocalizedNames>
      <LocalizedName description="Kaskela's Workflow Elements for CDS - v3.1" languagecode="1033" />
    </LocalizedNames>
    <Descriptions>
      <Description description="Build incredibly powerful workflows that used to require code. Thousands of organizations have used these activities to save countless time and money, and the limits are just your imagination. &#xA;&#xA;Some of the new workflow tools let you: &#xA;Query CDS / Dynamics 365 &#xA;- Build a view of records and include the results in an email. You can even filter records relative to your workflow record, like orders for this specific contact!&#xA;- Check to see if a record exists and create it if it doesn't.&#xA;- Use FetchXml aggregations too! Get the total amount of a customer's orders for the last 6 months.&#xA;Take Advantage of Word Templates &#xA;- After you generate a Word Template, rename it so they don't all have the same name. Generating an invoice? Rename it with the invoice number.&#xA;- Want to send that invoice or receipt to a customer? Now you can attach the document to an email.&#xA;&#xA;You can do all this and so much more with Workflow Elements, always free from Aiden Kaskela. &#xA;&#xA;For updates, documentation and suggestions check out WorkflowElements.com&#xA;Contact me on Twitter @AidenKaskela" languagecode="1033" />
    </Descriptions>
    <Version>3.1.0.0</Version>
    <Managed>1</Managed>
    <Publisher>
      <UniqueName>aidenfkaskela</UniqueName>
      <LocalizedNames>
        <LocalizedName description="Aiden F. Kaskela, Microsoft MVP" languagecode="1033" />
      </LocalizedNames>
      <Descriptions>
        <Description description="Microsoft Business Applications MVP. Check out my blog at WorkflowElements.com for free Power Platform / Dynamics addons and more, and hit me up on Twitter @AidenKaskela." languagecode="1033" />
      </Descriptions>
      <EMailAddress>Aiden.Kaskela@Exalents.com</EMailAddress>
      <SupportingWebsiteUrl>https://WorkflowElements.com</SupportingWebsiteUrl>
      <CustomizationPrefix>afk</CustomizationPrefix>
      <CustomizationOptionValuePrefix>22254</CustomizationOptionValuePrefix>
      <Addresses>
        <Address>
          <AddressNumber>1</AddressNumber>
          <AddressTypeCode>1</AddressTypeCode>
          <City xsi:nil="true"></City>
          <County xsi:nil="true"></County>
          <Country xsi:nil="true"></Country>
          <Fax xsi:nil="true"></Fax>
          <FreightTermsCode xsi:nil="true"></FreightTermsCode>
          <ImportSequenceNumber xsi:nil="true"></ImportSequenceNumber>
          <Latitude xsi:nil="true"></Latitude>
          <Line1 xsi:nil="true"></Line1>
          <Line2 xsi:nil="true"></Line2>
          <Line3 xsi:nil="true"></Line3>
          <Longitude xsi:nil="true"></Longitude>
          <Name xsi:nil="true"></Name>
          <PostalCode xsi:nil="true"></PostalCode>
          <PostOfficeBox xsi:nil="true"></PostOfficeBox>
          <PrimaryContactName xsi:nil="true"></PrimaryContactName>
          <ShippingMethodCode>1</ShippingMethodCode>
          <StateOrProvince xsi:nil="true"></StateOrProvince>
          <Telephone1>Twitter - @AidenKaskela</Telephone1>
          <Telephone2 xsi:nil="true"></Telephone2>
          <Telephone3 xsi:nil="true"></Telephone3>
          <TimeZoneRuleVersionNumber xsi:nil="true"></TimeZoneRuleVersionNumber>
          <UPSZone xsi:nil="true"></UPSZone>
          <UTCOffset xsi:nil="true"></UTCOffset>
          <UTCConversionTimeZoneCode xsi:nil="true"></UTCConversionTimeZoneCode>
        </Address>
        <Address>
          <AddressNumber>2</AddressNumber>
          <AddressTypeCode>1</AddressTypeCode>
          <City xsi:nil="true"></City>
          <County xsi:nil="true"></County>
          <Country xsi:nil="true"></Country>
          <Fax xsi:nil="true"></Fax>
          <FreightTermsCode xsi:nil="true"></FreightTermsCode>
          <ImportSequenceNumber xsi:nil="true"></ImportSequenceNumber>
          <Latitude xsi:nil="true"></Latitude>
          <Line1 xsi:nil="true"></Line1>
          <Line2 xsi:nil="true"></Line2>
          <Line3 xsi:nil="true"></Line3>
          <Longitude xsi:nil="true"></Longitude>
          <Name xsi:nil="true"></Name>
          <PostalCode xsi:nil="true"></PostalCode>
          <PostOfficeBox xsi:nil="true"></PostOfficeBox>
          <PrimaryContactName xsi:nil="true"></PrimaryContactName>
          <ShippingMethodCode>1</ShippingMethodCode>
          <StateOrProvince xsi:nil="true"></StateOrProvince>
          <Telephone1 xsi:nil="true"></Telephone1>
          <Telephone2 xsi:nil="true"></Telephone2>
          <Telephone3 xsi:nil="true"></Telephone3>
          <TimeZoneRuleVersionNumber xsi:nil="true"></TimeZoneRuleVersionNumber>
          <UPSZone xsi:nil="true"></UPSZone>
          <UTCOffset xsi:nil="true"></UTCOffset>
          <UTCConversionTimeZoneCode xsi:nil="true"></UTCConversionTimeZoneCode>
        </Address>
      </Addresses>
    </Publisher>
    <RootComponents>
      <RootComponent type="1" schemaName="afk_workflowelementoption" behavior="0" />
      <RootComponent type="61" schemaName="afk_/icon/FireElement16.png" behavior="0" />
      <RootComponent type="61" schemaName="afk_/icon/FireElement32.png" behavior="0" />
      <RootComponent type="91" id="{c45494e5-ad15-4af7-a97a-6f9a1cfcc0b0}" schemaName="Kaskela.WorkflowElements.Cds, Version=3.1.0.0, Culture=neutral, PublicKeyToken=0b0d6ce02c21bff5" behavior="0" />
    </RootComponents>
    <MissingDependencies />
  </SolutionManifest>
</ImportExportXml>