<ImportExportXml version="9.1.0.7236" SolutionPackageVersion="9.1" languagecode="1033" generatedBy="CrmLive" xmlns:xsi="http://www.w3.org/2001/XMLSchema-instance">
  <SolutionManifest>
    <UniqueName>KaskelasWorkflowElementsforDynamics365CE</UniqueName>
    <LocalizedNames>
      <LocalizedName description="Kaskela's Workflow Elements for Dynamics 365 CE" languagecode="1033" />
    </LocalizedNames>
    <Descriptions>
      <Description description="Build incredibly powerful workflows that used to require code. Thousands of organizations have used these activities to save countless time and money, and the limits are just your imagination. &#xA;&#xA;Some of the new workflow tools let you: &#xA;Query Dynamics 365 &#xA;- Build a view of records and include the results in an email. You can even filter records relative to your workflow record, like orders for this specific contact!&#xA;- Check to see if a record exists and create it if it doesn't.&#xA;- Use FetchXml aggregations too! Get the total amount of a customer's orders for the last 6 months.&#xA;Take Advantage of Word Templates &#xA;- After you generate a Word Template, rename it so they don't all have the same name. Generating an invoice? Rename it with the invoice number.&#xA;- Want to send that invoice or receipt to a customer? Now you can attach the document to an email.&#xA;More Sales Options &#xA;- Want to remove a line item from an Opportunity, Quote, Order or Invoice? No problem.&#xA;- Want to add new products to your Opportunity, Quote, Order or Invoice? Write-in or exiting products? You got it.&#xA;- Convert a quote to an order, or an order to an invoice&#xA;&#xA;You can do all this and so much more with Workflow Elements, always free from Aiden Kaskela. &#xA;&#xA;For updates, documentation and suggestions check out KaskelaSolutions.com&#xA;Contact me on Twitter @AidenKaskela" languagecode="1033" />
    </Descriptions>
    <Version>3.0.0.0</Version>
    <Managed>0</Managed>
    <Publisher>
      <UniqueName>aidenfkaskela</UniqueName>
      <LocalizedNames>
        <LocalizedName description="Aiden F. Kaskela, Microsoft MVP" languagecode="1033" />
      </LocalizedNames>
      <Descriptions>
        <Description description="Microsoft Business Applications MVP. Check out my blog at WorkflowElements.com for free Power Platform / Dynamics addons and more, and hit me up on Twitter @AidenKaskela." languagecode="1033" />
      </Descriptions>
      <EMailAddress>Aiden.Kaskela@Exalents.com</EMailAddress>
      <SupportingWebsiteUrl>https://WorkflowElements.com</SupportingWebsiteUrl>
      <CustomizationPrefix>afk</CustomizationPrefix>
      <CustomizationOptionValuePrefix>22254</CustomizationOptionValuePrefix>
      <Addresses>
        <Address>
          <AddressNumber>1</AddressNumber>
          <AddressTypeCode>1</AddressTypeCode>
          <City xsi:nil="true"></City>
          <County xsi:nil="true"></County>
          <Country xsi:nil="true"></Country>
          <Fax xsi:nil="true"></Fax>
          <FreightTermsCode xsi:nil="true"></FreightTermsCode>
          <ImportSequenceNumber xsi:nil="true"></ImportSequenceNumber>
          <Latitude xsi:nil="true"></Latitude>
          <Line1 xsi:nil="true"></Line1>
          <Line2 xsi:nil="true"></Line2>
          <Line3 xsi:nil="true"></Line3>
          <Longitude xsi:nil="true"></Longitude>
          <Name xsi:nil="true"></Name>
          <PostalCode xsi:nil="true"></PostalCode>
          <PostOfficeBox xsi:nil="true"></PostOfficeBox>
          <PrimaryContactName xsi:nil="true"></PrimaryContactName>
          <ShippingMethodCode>1</ShippingMethodCode>
          <StateOrProvince xsi:nil="true"></StateOrProvince>
          <Telephone1>Twitter - @AidenKaskela</Telephone1>
          <Telephone2 xsi:nil="true"></Telephone2>
          <Telephone3 xsi:nil="true"></Telephone3>
          <TimeZoneRuleVersionNumber xsi:nil="true"></TimeZoneRuleVersionNumber>
          <UPSZone xsi:nil="true"></UPSZone>
          <UTCOffset xsi:nil="true"></UTCOffset>
          <UTCConversionTimeZoneCode xsi:nil="true"></UTCConversionTimeZoneCode>
        </Address>
        <Address>
          <AddressNumber>2</AddressNumber>
          <AddressTypeCode>1</AddressTypeCode>
          <City xsi:nil="true"></City>
          <County xsi:nil="true"></County>
          <Country xsi:nil="true"></Country>
          <Fax xsi:nil="true"></Fax>
          <FreightTermsCode xsi:nil="true"></FreightTermsCode>
          <ImportSequenceNumber xsi:nil="true"></ImportSequenceNumber>
          <Latitude xsi:nil="true"></Latitude>
          <Line1 xsi:nil="true"></Line1>
          <Line2 xsi:nil="true"></Line2>
          <Line3 xsi:nil="true"></Line3>
          <Longitude xsi:nil="true"></Longitude>
          <Name xsi:nil="true"></Name>
          <PostalCode xsi:nil="true"></PostalCode>
          <PostOfficeBox xsi:nil="true"></PostOfficeBox>
          <PrimaryContactName xsi:nil="true"></PrimaryContactName>
          <ShippingMethodCode>1</ShippingMethodCode>
          <StateOrProvince xsi:nil="true"></StateOrProvince>
          <Telephone1 xsi:nil="true"></Telephone1>
          <Telephone2 xsi:nil="true"></Telephone2>
          <Telephone3 xsi:nil="true"></Telephone3>
          <TimeZoneRuleVersionNumber xsi:nil="true"></TimeZoneRuleVersionNumber>
          <UPSZone xsi:nil="true"></UPSZone>
          <UTCOffset xsi:nil="true"></UTCOffset>
          <UTCConversionTimeZoneCode xsi:nil="true"></UTCConversionTimeZoneCode>
        </Address>
      </Addresses>
    </Publisher>
    <RootComponents>
      <RootComponent type="1" schemaName="afk_workflowelementoption" behavior="0" />
      <RootComponent type="61" schemaName="afk_/icon/FireElement16.png" behavior="0" />
      <RootComponent type="61" schemaName="afk_/icon/FireElement32.png" behavior="0" />
      <RootComponent type="91" id="{2fc59b28-2cf5-4873-8b2a-9442b77c46b1}" schemaName="Kaskela.WorkflowElements.CE, Version=3.0.0.0, Culture=neutral, PublicKeyToken=7e4dd6fa32fe7c63" behavior="0" />
    </RootComponents>
    <MissingDependencies>
      <MissingDependency>
        <Required key="0" type="1" schemaName="afk_workflowelementoption" displayName="Workflow Elements Option" solution="WorkflowElements (2.2.0)" />
        <Dependent key="0" type="1" schemaName="afk_workflowelementoption" displayName="Workflow Elements Option" />
      </MissingDependency>
      <MissingDependency>
        <Required key="1" type="9" schemaName="new_afk_workflowelementoption_afk_timezones" displayName="Time Zone" solution="WorkflowElements (2.2.0)" />
        <Dependent key="1" type="9" schemaName="new_afk_workflowelementoption_afk_timezones" displayName="Time Zone" />
      </MissingDependency>
      <MissingDependency>
        <Required key="2" type="9" schemaName="new_afk_workflowelementoption_afk_htmlcolorname" displayName="HTML Color Name" solution="WorkflowElements (2.2.0)" />
        <Dependent key="2" type="9" schemaName="new_afk_workflowelementoption_afk_htmlcolorname" displayName="HTML Color Name" />
      </MissingDependency>
      <MissingDependency>
        <Required key="3" type="9" schemaName="afk_workflowelementoption_afk_monthofyear" displayName="Month of Year" solution="WorkflowElements (2.2.0)" />
        <Dependent key="3" type="9" schemaName="afk_workflowelementoption_afk_monthofyear" displayName="Month of Year" />
      </MissingDependency>
      <MissingDependency>
        <Required key="4" type="9" schemaName="afk_workflowelementoption_afk_zerototen" displayName="Zero to Ten" solution="WorkflowElements (2.2.0)" />
        <Dependent key="4" type="9" schemaName="afk_workflowelementoption_afk_zerototen" displayName="Zero to Ten" />
      </MissingDependency>
      <MissingDependency>
        <Required key="5" type="9" schemaName="new_afk_workflowelementoption_afk_workflowcategory" displayName="Workflow Category" solution="WorkflowElements (2.2.0)" />
        <Dependent key="5" type="9" schemaName="new_afk_workflowelementoption_afk_workflowcategory" displayName="Workflow Category" />
      </MissingDependency>
      <MissingDependency>
        <Required key="6" type="9" schemaName="new_afk_workflowelementoption_afk_extendedtimezones" displayName="Extended Time Zones" solution="WorkflowElements (2.2.0)" />
        <Dependent key="6" type="9" schemaName="new_afk_workflowelementoption_afk_extendedtimezones" displayName="Extended Time Zones" />
      </MissingDependency>
      <MissingDependency>
        <Required key="7" type="9" schemaName="new_afk_workflowelementoption_afk_datetimeunits" displayName="Date Time Units" solution="WorkflowElements (2.2.0)" />
        <Dependent key="7" type="9" schemaName="new_afk_workflowelementoption_afk_datetimeunits" displayName="Date Time Units" />
      </MissingDependency>
      <MissingDependency>
        <Required key="8" type="9" schemaName="afk_workflowelementoption_afk_timespanoption" displayName="Timespan Option" solution="WorkflowElements (2.2.0)" />
        <Dependent key="8" type="9" schemaName="afk_workflowelementoption_afk_timespanoption" displayName="Timespan Option" />
      </MissingDependency>
      <MissingDependency>
        <Required key="9" type="9" schemaName="afk_workflowelementoption_afk_emailrecipient" displayName="Email Recipient" solution="WorkflowElements (2.2.0)" />
        <Dependent key="9" type="9" schemaName="afk_workflowelementoption_afk_emailrecipient" displayName="Email Recipient" />
      </MissingDependency>
      <MissingDependency>
        <Required key="10" type="9" schemaName="new_afk_workflowelementoption_afk_fetchxmlmultipleresultoptions" displayName="FetchXML Multiple Result Options" solution="WorkflowElements (2.2.0)" />
        <Dependent key="10" type="9" schemaName="new_afk_workflowelementoption_afk_fetchxmlmultipleresultoptions" displayName="FetchXML Multiple Result Options" />
      </MissingDependency>
      <MissingDependency>
        <Required key="11" type="9" schemaName="new_afk_workflowelementoption_afk_datetimeformats" displayName="Date Time Formats" solution="WorkflowElements (2.2.0)" />
        <Dependent key="11" type="9" schemaName="new_afk_workflowelementoption_afk_datetimeformats" displayName="Date Time Formats" />
      </MissingDependency>
      <MissingDependency>
        <Required key="12" type="9" schemaName="afk_workflowelementoption_afk_dayofweek" displayName="Day of Week" solution="WorkflowElements (2.2.0)" />
        <Dependent key="12" type="9" schemaName="afk_workflowelementoption_afk_dayofweek" displayName="Day of Week" />
      </MissingDependency>
      <MissingDependency>
        <Required key="13" type="9" schemaName="new_afk_workflowelementoption_afk_fetchxmlnoresultoptions" displayName="FetchXML No Result Options" solution="WorkflowElements (2.2.0)" />
        <Dependent key="13" type="9" schemaName="new_afk_workflowelementoption_afk_fetchxmlnoresultoptions" displayName="FetchXML No Result Options" />
      </MissingDependency>
      <MissingDependency>
        <Required key="14" type="9" schemaName="new_afk_workflowelementoption_afk_synchronousmode" displayName="Synchronous Mode" solution="WorkflowElements (2.2.0)" />
        <Dependent key="14" type="9" schemaName="new_afk_workflowelementoption_afk_synchronousmode" displayName="Synchronous Mode" />
      </MissingDependency>
      <MissingDependency>
        <Required key="15" type="9" schemaName="afk_workflowelementoption_afk_comparisonresult" displayName="Comparison Result" solution="WorkflowElements (2.2.0)" />
        <Dependent key="15" type="9" schemaName="afk_workflowelementoption_afk_comparisonresult" displayName="Comparison Result" />
      </MissingDependency>
      <MissingDependency>
        <Required key="16" type="9" schemaName="afk_workflowelementoption_statuscode" displayName="Status Reason" solution="WorkflowElements (2.2.0)" />
        <Dependent key="16" type="9" schemaName="afk_workflowelementoption_statuscode" displayName="Status Reason" />
      </MissingDependency>
      <MissingDependency>
        <Required key="17" type="9" schemaName="afk_workflowelementoption_statecode" displayName="Status" solution="WorkflowElements (2.2.0)" />
        <Dependent key="17" type="9" schemaName="afk_workflowelementoption_statecode" displayName="Status" />
      </MissingDependency>
      <MissingDependency>
        <Required key="18" type="9" schemaName="new_afk_workflowelementoption_afk_isolationmode" displayName="Isolation Mode" solution="WorkflowElements (2.2.0)" />
        <Dependent key="18" type="9" schemaName="new_afk_workflowelementoption_afk_isolationmode" displayName="Isolation Mode" />
      </MissingDependency>
      <MissingDependency>
        <Required key="20" type="61" schemaName="afk_/icon/FireElement32.png" displayName="afk_/icon/FireElement32.png" solution="WorkflowElements (2.2.0)" />
        <Dependent key="20" type="61" schemaName="afk_/icon/FireElement32.png" displayName="afk_/icon/FireElement32.png" />
      </MissingDependency>
      <MissingDependency>
        <Required key="21" type="61" schemaName="afk_/icon/FireElement16.png" displayName="afk_/icon/FireElement16.png" solution="WorkflowElements (2.2.0)" />
        <Dependent key="21" type="61" schemaName="afk_/icon/FireElement16.png" displayName="afk_/icon/FireElement16.png" />
      </MissingDependency>
    </MissingDependencies>
  </SolutionManifest>
</ImportExportXml>